seller,gigId,url,firstSeen,lastUpdated,sellerLevel,sellerCountry,sellerDisplayName,isPro,isHighlyResponsive,memberSince,title,price,delivery,rating,sellerRatingScore,sellerRatingCount,numPackages,category,subCategory,industry,gigTags,description,totalOrders_2026-03-11,gigReviews_2026-03-11,ordersInQueue_2026-03-11,priceOnDay_2026-03-11,totalOrders_2026-03-12,gigReviews_2026-03-12,ordersInQueue_2026-03-12,priceOnDay_2026-03-12,totalOrders_2026-03-13,gigReviews_2026-03-13,ordersInQueue_2026-03-13,priceOnDay_2026-03-13,totalOrders_2026-03-14,gigReviews_2026-03-14,ordersInQueue_2026-03-14,priceOnDay_2026-03-14,totalOrders_2026-03-16,gigReviews_2026-03-16,ordersInQueue_2026-03-16,priceOnDay_2026-03-16,totalOrders_2026-03-17,gigReviews_2026-03-17,ordersInQueue_2026-03-17,priceOnDay_2026-03-17,totalOrders_2026-03-18,gigReviews_2026-03-18,ordersInQueue_2026-03-18,priceOnDay_2026-03-18,totalOrders_2026-03-19,gigReviews_2026-03-19,ordersInQueue_2026-03-19,priceOnDay_2026-03-19,totalOrders_2026-03-22,gigReviews_2026-03-22,ordersInQueue_2026-03-22,priceOnDay_2026-03-22,totalOrders_2026-03-23,gigReviews_2026-03-23,ordersInQueue_2026-03-23,priceOnDay_2026-03-23
abdul_haseeb_2,191541826,https://www.fiverr.com/abdul_haseeb_2/brand-identity-style-guides-with-logo-design-guidelines-branding-book,11/03/2026,3/24/2026 03:58:38,Top Rated Seller,PK,Abdul Haseeb,No,Yes,19/01/2021,design brand style guides identity with logo design guidelines branding book,$100,2d,4.8,4.89,854,3,Graphics & Design,Brand Style Guides,,brand guideline | logo design | brand style guides | brand logo | brand book,"Hi, I’m Abdul Haseeb, the creative mind behind powerful brand identities. With a degree in graphic design and a passion for storytelling through visuals, I specialize in designing logos, brand style guidelines, and visual systems that don’t just look good, they leave a mark that time can’t erase.

A logo is the face, but the heartbeat of your brand is what truly matters. My mission is to uplift your business into a brand people admire, remember, and trust. Together, we’ll build an identity that stands tall, speaks loud, and stays remarkable.

Let’s create a legacy, not just a brand.",,,,,,,,,,,,,,,,,,,,,,,,,,,,,,,,,,,,,1288,546,19,$100
A logo is the face, but the heartbeat of your brand is what truly matters. My mission is to uplift your business into a brand people admire, remember, and trust. Together, we’ll build an identity that stands tall, speaks loud, and stays remarkable.,,,,,,,,,,,,,,,,,,,,,,,,,,,,,,,,,,,,,,,,,,,,,,,,,,,,,,,,
Let’s create a legacy," not just a brand.,1268,543,20,$100",,,,,,,,,,,,,,,,,,,,,,,,,,,,,,,,,,,,,,,,,,,,,,,,,,,,,,,,,,,,,
,,,,,,,,,,,,,,,,,,,,,,,,,,,,,,,,,,,,,,,,,,,,,,,,,,,,,,,,,,,,,,
cvdesk,377113017,https://www.fiverr.com/cvdesk/do-professional-business-flyer-design-brochure-design-for-your-business,11/03/2026,3/24/2026 03:58:38,Level 2 Seller,BD,Cv Desk,No,Yes,24/10/2022,"design a professional logo, brand book, and corporate brand identity guidelines",$50,3d,5,4.82,836,3,Graphics & Design,Brand Style Guides,,brand guideline | logo design | brand style guide | corporate identity | brand book,"I'm a presentation designer and brand style guide specialist with 6 years of experience. I craft cohesive brand identities from a minimalist logo to a complete branding kit delivering a detailed brand style guide and a brand book that capture your brand's essence.

I also transform ideas into impactful visual stories whether you need a Canva presentation, a Keynote presentation, a PowerPoint redesign to elevate your PowerPoint slides, or a compelling pitch deck design. I bring a confident, creative approach to every project, delivering professional presentation design that wows your audience.",,,,,,,,,,,,,,,,,,,,,,,,,,,,,,,,,,,,,1450,70,0,$50
I also transform ideas into impactful visual stories whether you need a Canva presentation, a Keynote presentation, a PowerPoint redesign to elevate your PowerPoint slides, or a compelling pitch deck design. I bring a confident, creative approach to every project," delivering professional presentation design that wows your audience.,1429,61,2,$50",,,,,,,,,,,,,,,,,,,,,,,,,,,,,,,,,,,,,,,,,,,,,,,,,,,,,,,,,
,,,,,,,,,,,,,,,,,,,,,,,,,,,,,,,,,,,,,,,,,,,,,,,,,,,,,,,,,,,,,,
mrtranscendence,448616551,https://www.fiverr.com/mrtranscendence/design-a-professional-logo-brand-book-and-corporate-brand-identity,11/03/2026,3/24/2026 03:58:38,Top Rated Seller,IN,Abhi C,Yes,Yes,06/11/2016,"design a professional logo, brand book, and corporate brand identity guidelines",$125,3d,4.8,4.88,61784,3,Graphics & Design,Brand Style Guides,,minimalist logo | brand style guide | branding design,"I'm Abhi, a passionate graphic designer & Web developer based in India, with 10+ years of experience. I've worked with notable clients like BMW, Cisco, EA Sports, DC Pro, Fiverr internal communications, etc. I specialize in Logo Design and Brand Identity design. I'm available: Mon/Sat- 12am/12pm(EST). Let's connect :)",137937,175,110,$125,137939,175,111,$125,137954,176,108,$125,137977,177,112,$125,138012,179,113,$125,138030,181,108,$125,138044,183,104,$125,138059,183,105,$125,138092,186,102,$125,138108,188,106,$125
,,,,,,,,,,,,,,,,,,,,,,,,,,,,,,,,,,,,,,,,,,,,,,,,,,,,,,,,,,,,,,
stackmaster_,450676111,https://www.fiverr.com/stackmaster_/develop-ai-mobile-app-and-website-ai-chatbot-ai-software-developer-ai-agent,11/03/2026,3/24/2026 03:58:38,Level 2 Seller,BD,Naimur,No,Yes,20/04/2025,"design a professional logo, brand book, and corporate brand identity guidelines",$25,3d,5,4.99,170,3,Graphics & Design,Brand Style Guides,,logo design | brand style guide | brand logo design | corporate branding | brand book,"I’m Naimur Rahman, a brand-focused logo designer specializing in clean visuals and well-defined brand guidelines. I help businesses shape identities that feel intentional and cohesive by setting clear standards for logo usage, color harmony, typography, and layout structure. My process emphasizes precision and simplicity so your brand remains visually strong and easy to maintain as it grows. The result is a polished identity that communicates professionalism and builds trust across all platforms. Let’s make your brand visually clear and easy to recognize",169,156,4,$25,169,156,4,$25,172,156,3,$25,176,159,4,$25,179,164,5,$25,181,166,5,$25,183,168,5,$25,183,168,4,$25,184,168,2,$25,186,170,3,$25
,,,,,,,,,,,,,,,,,,,,,,,,,,,,,,,,,,,,,,,,,,,,,,,,,,,,,,,,,,,,,,
nicolette7,302607826,https://www.fiverr.com/nicolette7/design-an-amazing-full-brand-style-guide,11/03/2026,3/19/2026 03:43:01,Level 2 Seller,BG,Nicolette M,Yes,Yes,07/10/2018,design an amazing full brand style guide,$600,7d,4.8,5,35,3,Graphics & Design,Brand Style Guides,,logo creation | stationery | corporate identity | company logo,"I'm enthusiastic, creative graphic designer with over 10 years of experience in developing engaging and innovative digital and print designs for clients in broad range of industries. Skilled with Adobe Creative Suite, Microsoft Office, Corel Draw, I'm able to stretch the boundaries of design and digital storytelling to help my client’s brands stand out.",,,,,,,,,,,,,,,,,,,,,,,,,,,,,,,,,,,,,,,,
I have creative experience in the following:,,,,,,,,,,,,,,,,,,,,,,,,,,,,,,,,,,,,,,,,,,,,,,,,,,,,,,,,,,,,,,
  • Logo Design, Corporate Identity & Branding,,,,,,,,,,,,,,,,,,,,,,,,,,,,,,,,,,,,,,,,,,,,,,,,,,,,,,,,,,,,,
  • Brochures, Flyers, Posters & etc,,,,,,,,,,,,,,,,,,,,,,,,,,,,,,,,,,,,,,,,,,,,,,,,,,,,,,,,,,,,
  • Color Rendering and Correction,,,,,,,,,,,,,,,,,,,,,,,,,,,,,,,,,,,,,,,,,,,,,,,,,,,,,,,,,,,,,,
  • Photography and Photo Retouching/Editing,,,,,,,,,,,,,,,,,,,,,,,,,,,,,,,,,,,,,,,,,,,,,,,,,,,,,,,,,,,,,,
  • Marketing," Advertising,60,28,2,$600",,,,,,,,,,,,,,,,,,,,,,,,,,,,,,,,,,,,,,,,,,,,,,,,,,,,,,,,,,,,,
,,,,,,,,,,,,,,,,,,,,,,,,,,,,,,,,,,,,,,,,,,,,,,,,,,,,,,,,,,,,,,
social_winning,328332829,https://www.fiverr.com/social_winning/canva-instagram-template-or-social-media-post-design,11/03/2026,3/24/2026 03:58:38,Level 2 Seller,BD,Social Winning,No,Yes,16/08/2022,"create brand style guide, corporate identity, brand book, brand logo guidelines",$30,2d,4.8,4.92,1643,3,Graphics & Design,Brand Style Guides,,logo design | branding kit | brand style guide | corporate identity | brand book,"Great design is more than just looking good; it’s about getting results. With over 7 years of experience in graphic design, we specialize in creating visuals that help brands connect with their audience and stand out online. 

From attention-grabbing social media posts and YouTube thumbnails to Amazon images and custom website banners, we turn ideas into designs that pop and get you noticed. We approach every project with fresh eyes, focusing on what makes your brand unique and how we can elevate it visually. 

Let’s level up your online game. Drop me a message, and let’s get started! 😎",,,,,,,,,,,,,,,,,,,,,,,,,,,,,,,,,,,,,2952,151,1,$30
From attention-grabbing social media posts and YouTube thumbnails to Amazon images and custom website banners, we turn ideas into designs that pop and get you noticed. We approach every project with fresh eyes, focusing on what makes your brand unique and how we can elevate it visually. ,,,,,,,,,,,,,,,,,,,,,,,,,,,,,,,,,,,,,,,,,,,,,,,,,,,,,,,,,,,,
Let’s level up your online game. Drop me a message," and let’s get started! 😎,2908,143,2,$30",,,,,,,,,,,,,,,,,,,,,,,,,,,,,,,,,,,,,,,,,,,,,,,,,,,,,,,,,,,,,
,,,,,,,,,,,,,,,,,,,,,,,,,,,,,,,,,,,,,,,,,,,,,,,,,,,,,,,,,,,,,,
techcloud_,274196905,https://www.fiverr.com/techcloud_/design-luxury-monogram-initial-letter-business-logo,11/03/2026,3/24/2026 03:58:38,Level 2 Seller,BD,Tech Cloud,No,Yes,14/03/2022,"make brand guide book, corporate brand identity guidelines, logo design",$30,2d,5,4.92,299,3,Graphics & Design,Brand Style Guides,,logo design | branding kit | minimalist logo | brand style guide | brand book,"At Tech Cloud, we don't just design your logo, we build you a clear Corporate Identity that people remember!

We create Logo Design and Brand Style Guide systems that make brands look consistent, premium, and instantly trustworthy. With 13 years in Branding (10 in corporate and 3+ running our own studio), we’ve helped startups and growing companies sharpen their message and stand out. Our strengths are Brand guidelines, Landing Page Design, typography, color strategy and so on. Let's uplift your Brand presence, you're just one text away! ",,,,,,,,,,,,,,,,,,,,,,,,,,,,,,,,,,,,,457,209,1,$30
We create Logo Design and Brand Style Guide systems that make brands look consistent, premium, and instantly trustworthy. With 13 years in Branding (10 in corporate and 3+ running our own studio), we’ve helped startups and growing companies sharpen their message and stand out. Our strengths are Brand guidelines, Landing Page Design, typography, color strategy and so on. Let's uplift your Brand presence," you're just one text away! ,440,202,2,$30",,,,,,,,,,,,,,,,,,,,,,,,,,,,,,,,,,,,,,,,,,,,,,,,,,,,,,,
,,,,,,,,,,,,,,,,,,,,,,,,,,,,,,,,,,,,,,,,,,,,,,,,,,,,,,,,,,,,,,
thedesignaffair,475257376,https://www.fiverr.com/thedesignaffair/design-a-minimalist-logo-brand-book-and-corporate-brand-identity-guidelines,11/03/2026,3/24/2026 03:58:38,Top Rated Seller,IN,Nancy C,Yes,Yes,13/08/2018,"design a minimalist logo, brand book, and corporate brand identity guidelines",$125,3d,4.8,4.84,13228,3,Graphics & Design,Brand Style Guides,,brand kit | minimalist logo | brand style guide | visual identity | branding design,"Hi! I am Nancy, a freelance certified graphic designer based in India. I am bit of fun enthusiastic girl who loves hangout, coffees and travel across the globe. I am specialized in logo design and brand identity. I make sure I deliver beautiful and effective designs my service is fast, accurately and on brief. Please read my reviews to know what other clients think of me :)",28858,1,8,$125,28858,1,8,$125,28872,1,6,$125,28897,1,6,$125,28920,1,6,$125,28934,1,4,$125,28949,1,4,$125,28958,2,3,$125,28993,3,4,$125,29010,4,4,$125
,,,,,,,,,,,,,,,,,,,,,,,,,,,,,,,,,,,,,,,,,,,,,,,,,,,,,,,,,,,,,,
weperfectionist,471759948,https://www.fiverr.com/weperfectionist/design-a-business-logo-brand-book-and-corporate-brand-identity-guidelines,11/03/2026,3/24/2026 03:58:38,Top Rated Seller,AE,San,Yes,Yes,21/12/2015,"design a business logo, brand book, and corporate brand identity guidelines",$135,3d,5,4.89,73158,3,Graphics & Design,Brand Style Guides,,minimalist logo | brand style guide | branding design,"Hello! My name is Darshak, but I love to be called San! I'm an enthusiastic and creative graphic artist who is passionate about Logo, Branding and Website Development! I am based in India & UAE with over 10 years of expertise.

I'm a fun loving guy who loves nature, pets and dressing up! I'm also a bit of a perfectionist! 

I freelance exclusively on Fiverr!",,,,,,,,,,,,,,,,,,,,,,,,,,,,,,,,,,,,,150500,16,22,$135
I'm a fun loving guy who loves nature, pets and dressing up! I'm also a bit of a perfectionist! ,,,,,,,,,,,,,,,,,,,,,,,,,,,,,,,,,,,,,,,,,,,,,,,,,,,,,,,,,,,,,
"I freelance exclusively on Fiverr!,"","","","","","","","","","","","","","","","","","","","","","","","","","","","","","","","",150481,16,22,$135",,,,,,,,,,,,,,,,,,,,,,,,,,,,,,,,,,,,,,,,,,,,,,,,,,,,,,,,,,,,,,
"I freelance exclusively on Fiverr!,"","","","","","","","","","","","","","","","","","","","","","","","","","","","",150442,16,23,$135",,,,,,,,,,,,,,,,,,,,,,,,,,,,,,,,,,,,,,,,,,,,,,,,,,,,,,,,,,,,,,
"I freelance exclusively on Fiverr!,"","","","","","","","","","","","","","","","","","","","","","","","",150435,16,21,$135",,,,,,,,,,,,,,,,,,,,,,,,,,,,,,,,,,,,,,,,,,,,,,,,,,,,,,,,,,,,,,
"I freelance exclusively on Fiverr!,"","","","","","","","","","","","","","","","","","","","",150429,16,20,$135",,,,,,,,,,,,,,,,,,,,,,,,,,,,,,,,,,,,,,,,,,,,,,,,,,,,,,,,,,,,,,
"I freelance exclusively on Fiverr!,"","","","","","","","","","","","","","","","",150421,16,20,$135",,,,,,,,,,,,,,,,,,,,,,,,,,,,,,,,,,,,,,,,,,,,,,,,,,,,,,,,,,,,,,
"I freelance exclusively on Fiverr!,"","","","","","","","","","","","","","","","",150409,15,20,$135",,,,,,,,,,,,,,,,,,,,,,,,,,,,,,,,,,,,,,,,,,,,,,,,,,,,,,,,,,,,,,
"I freelance exclusively on Fiverr!,"","","","","","","","","","","","",150400,14,19,$135",,,,,,,,,,,,,,,,,,,,,,,,,,,,,,,,,,,,,,,,,,,,,,,,,,,,,,,,,,,,,,
"I freelance exclusively on Fiverr!,"","","","","","","","",150376,13,21,$135",,,,,,,,,,,,,,,,,,,,,,,,,,,,,,,,,,,,,,,,,,,,,,,,,,,,,,,,,,,,,,
"I freelance exclusively on Fiverr!,"","","","",150369,13,20,$135",,,,,,,,,,,,,,,,,,,,,,,,,,,,,,,,,,,,,,,,,,,,,,,,,,,,,,,,,,,,,,
"I freelance exclusively on Fiverr!,150367,13,20,$135",,,,,,,,,,,,,,,,,,,,,,,,,,,,,,,,,,,,,,,,,,,,,,,,,,,,,,,,,,,,,,
"I freelance exclusively on Fiverr!,150358,13,17,$135",,,,,,,,,,,,,,,,,,,,,,,,,,,,,,,,,,,,,,,,,,,,,,,,,,,,,,,,,,,,,,
,,,,,,,,,,,,,,,,,,,,,,,,,,,,,,,,,,,,,,,,,,,,,,,,,,,,,,,,,,,,,,
explorance,450873550,https://www.fiverr.com/explorance/do-brand-style-guide-brand-book-business-logo-and-corporate-identity-guideline,11/03/2026,3/24/2026 03:58:38,Top Rated Seller,IN,Juhi,Yes,Yes,11/08/2020,"do brand style guide, brand book, business logo and corporate identity guideline",$110,3d,4.7,4.84,9126,3,Graphics & Design,Brand Style Guides,,brand kit | brand style guide | visual identity,"Welcome!

I always love to explore new things, design, work, nature, and that's why I love to be called Explorance. 

I own a creative design studio based in India specializing in Logo and brand design. I am passionate and dedicated in everything I create is minimal, clean, smart, and remarkable. 

I believe in client satisfaction! Please free to get in touch, let's work together.",,,,,,,,,,,,,,,,,,,,,,,,,,,,,,,,,,,,,19586,44,15,$110
I always love to explore new things, design, work, nature, and that's why I love to be called Explorance. ,,,,,,,,,,,,,,,,,,,,,,,,,,,,,,,,,,,,,,,,,,,,,,,,,,,,,,,,,,
I own a creative design studio based in India specializing in Logo and brand design. I am passionate and dedicated in everything I create is minimal, clean, smart, and remarkable. ,,,,,,,,,,,,,,,,,,,,,,,,,,,,,,,,,,,,,,,,,,,,,,,,,,,,,,,,,,,
I believe in client satisfaction! Please free to get in touch," let's work together.,19476,43,10,$110",,,,,,,,,,,,,,,,,,,,,,,,,,,,,,,,,,,,,,,,,,,,,,,,,,,,,,,,,,,,,
,,,,,,,,,,,,,,,,,,,,,,,,,,,,,,,,,,,,,,,,,,,,,,,,,,,,,,,,,,,,,,
void_squad,437736622,https://www.fiverr.com/void_squad/setup-and-manage-google-ads-analytics-4-ga4-ecommerce-conversion-tracking,11/03/2026,3/24/2026 03:58:38,Level 2 Seller,BD,Nayem,No,Yes,18/05/2025,design brand style guides identity with logo design guidelines branding book,$45,3d,5,4.99,181,3,Graphics & Design,Brand Style Guides,,brand guideline | logo design | brand style guides | brand logo | brand book,"I’m a professional Brand Identity & Brand Guidelines Designer helping businesses stay consistent, credible, and confident across all platforms.
I create clear, well-structured brand guidelines covering logo usage, colour systems, typography, spacing, and visual direction, so your brand is easy to follow and looks professional everywhere. I work with startups and growing brands to build cohesive brand identities for web, social media, print, and packaging.
If you need a clean, modern, and practical brand guideline, let’s build your brand together.
",,,,,,,,,,,,,,,,,,,,,,,,,,,,,,,,,,,,,195,181,5,$45
I create clear, well-structured brand guidelines covering logo usage, colour systems, typography, spacing, and visual direction, so your brand is easy to follow and looks professional everywhere. I work with startups and growing brands to build cohesive brand identities for web, social media, print, and packaging.,,,,,,,,,,,,,,,,,,,,,,,,,,,,,,,,,,,,,,,,,,,,,,,,,,,,,
If you need a clean, modern, and practical brand guideline, let’s build your brand together.,,,,,,,,,,,,,,,,,,,,,,,,,,,,,,,,,,,,,,,,,,,,,,,,,,,,,,,,,,,
","","","","","","","","","","","","","","","","","","","","","","","","","","","","","","","","",193,179,4,$45",,,,,,,,,,,,,,,,,,,,,,,,,,,,,,,,,,,,,,,,,,,,,,,,,,,,,,,,,,,,,,
","","","","","","","","","","","","","","","","","","","","","","","","","","","","",191,179,6,$45",,,,,,,,,,,,,,,,,,,,,,,,,,,,,,,,,,,,,,,,,,,,,,,,,,,,,,,,,,,,,,
","","","","","","","","","","","","","","","","","","","","","","","","",191,179,5,$45",,,,,,,,,,,,,,,,,,,,,,,,,,,,,,,,,,,,,,,,,,,,,,,,,,,,,,,,,,,,,,
","","","","","","","","","","","","","","","","","","","","",190,178,5,$45",,,,,,,,,,,,,,,,,,,,,,,,,,,,,,,,,,,,,,,,,,,,,,,,,,,,,,,,,,,,,,
","","","","","","","","","","","","","","","","",189,177,5,$45",,,,,,,,,,,,,,,,,,,,,,,,,,,,,,,,,,,,,,,,,,,,,,,,,,,,,,,,,,,,,,
","","","","","","","","","","","","","","","","",187,175,5,$45",,,,,,,,,,,,,,,,,,,,,,,,,,,,,,,,,,,,,,,,,,,,,,,,,,,,,,,,,,,,,,
","","","","","","","","","","","","",185,173,5,$45",,,,,,,,,,,,,,,,,,,,,,,,,,,,,,,,,,,,,,,,,,,,,,,,,,,,,,,,,,,,,,
","","","","","","","","",182,171,4,$45",,,,,,,,,,,,,,,,,,,,,,,,,,,,,,,,,,,,,,,,,,,,,,,,,,,,,,,,,,,,,,
","","","","",180,170,4,$45",,,,,,,,,,,,,,,,,,,,,,,,,,,,,,,,,,,,,,,,,,,,,,,,,,,,,,,,,,,,,,
",180,170,6,$45",,,,,,,,,,,,,,,,,,,,,,,,,,,,,,,,,,,,,,,,,,,,,,,,,,,,,,,,,,,,,,
",179,169,5,$45",,,,,,,,,,,,,,,,,,,,,,,,,,,,,,,,,,,,,,,,,,,,,,,,,,,,,,,,,,,,,,
,,,,,,,,,,,,,,,,,,,,,,,,,,,,,,,,,,,,,,,,,,,,,,,,,,,,,,,,,,,,,,
perri_edward,33302210,https://www.fiverr.com/perri_edward/perfect-eye-catching-logo-as-required,11/03/2026,3/24/2026 03:58:38,Level 2 Seller,PK,perri edward,No,No,25/03/2016,"do logo design and branding kit,corporate identity brand book, brand style guide",$30,3d,4.7,4.86,2107,3,Graphics & Design,Brand Style Guides,,logo design | branding kit | brand book,"We specialize in logo design and branding kit, professional brand style guide, detailed brand book, and complete logo and brand identity systems for modern businesses. 

With 10+ years of experience on Fiverr since 2016, we deliver strategic branding kit, structured brand identity design, scalable brand kit, and conversion-focused logo and brand identity solutions. 

We have completed 10K+ logo design and branding kit projects, building consistent brand style guide and brand book systems across tech, SaaS, startups, corporate, real estate, luxury, fitness, food and beauty brands worldwide.",,,,,,,,,,,,,,,,,,,,,,,,,,,,,,,,,,,,,3290,1872,2,$30
With 10+ years of experience on Fiverr since 2016, we deliver strategic branding kit, structured brand identity design, scalable brand kit, and conversion-focused logo and brand identity solutions. ,,,,,,,,,,,,,,,,,,,,,,,,,,,,,,,,,,,,,,,,,,,,,,,,,,,,,,,,,,
We have completed 10K+ logo design and branding kit projects, building consistent brand style guide and brand book systems across tech, SaaS, startups, corporate, real estate, luxury, fitness," food and beauty brands worldwide.,3286,1870,2,$30",,,,,,,,,,,,,,,,,,,,,,,,,,,,,,,,,,,,,,,,,,,,,,,,,,,,,,
,,,,,,,,,,,,,,,,,,,,,,,,,,,,,,,,,,,,,,,,,,,,,,,,,,,,,,,,,,,,,,
chan_marks,377310603,https://www.fiverr.com/chan_marks/craft-minimalist-timeless-logo-design-and-brand-style-guideline-for-you,11/03/2026,3/24/2026 03:58:38,Level 2 Seller,PK,Umer,No,No,27/04/2024,"design a modern logo, brand style guidelines book, corporate branding identity",$35,3d,5,5,79,3,Graphics & Design,Brand Style Guides,,minimalist logo | brand style guide | corporate identity | branding design,"Hi, I’m Umer. a branding specialist who combines design with consumer psychology. Every project starts with a short discovery chat so I fully understand your vision.

I have 6 years of experience. Throughout my career, I collaborated with many businesses like yours to create strategic, meaningful branding that drives growth & profitability.

Let's boost your brand identity. Message NOW to get started. 🔥🚀",,,,,,,,,,,,,,,,,,,,,,,,,,,,,,,,,,,,,90,68,0,$35
I have 6 years of experience. Throughout my career, I collaborated with many businesses like yours to create strategic, meaningful branding that drives growth & profitability.,,,,,,,,,,,,,,,,,,,,,,,,,,,,,,,,,,,,,,,,,,,,,,,,,,,,,,,,,,,,
"Let's boost your brand identity. Message NOW to get started. 🔥🚀,"","","","","","","","","","","","","","","","","","","","","","","","","","","","","","","","",90,68,0,$35",,,,,,,,,,,,,,,,,,,,,,,,,,,,,,,,,,,,,,,,,,,,,,,,,,,,,,,,,,,,,,
"Let's boost your brand identity. Message NOW to get started. 🔥🚀,"","","","","","","","","","","","","","","","","","","","","","","","","","","","",90,68,0,$35",,,,,,,,,,,,,,,,,,,,,,,,,,,,,,,,,,,,,,,,,,,,,,,,,,,,,,,,,,,,,,
"Let's boost your brand identity. Message NOW to get started. 🔥🚀,"","","","","","","","","","","","","","","","","","","","","","","","",90,68,0,$35",,,,,,,,,,,,,,,,,,,,,,,,,,,,,,,,,,,,,,,,,,,,,,,,,,,,,,,,,,,,,,
"Let's boost your brand identity. Message NOW to get started. 🔥🚀,"","","","","","","","","","","","","","","","","","","","",89,68,0,$35",,,,,,,,,,,,,,,,,,,,,,,,,,,,,,,,,,,,,,,,,,,,,,,,,,,,,,,,,,,,,,
"Let's boost your brand identity. Message NOW to get started. 🔥🚀,"","","","","","","","","","","","","","","","",89,68,0,$35",,,,,,,,,,,,,,,,,,,,,,,,,,,,,,,,,,,,,,,,,,,,,,,,,,,,,,,,,,,,,,
"Let's boost your brand identity. Message NOW to get started. 🔥🚀,"","","","","","","","","","","","","",68,"",$35,89,68,0,$35",,,,,,,,,,,,,,,,,,,,,,,,,,,,,,,,,,,,,,,,,,,,,,,,,,,,,,,,,,,,,,
"Let's boost your brand identity. Message NOW to get started. 🔥🚀,"","","","","","","","",89,68,0,$35",,,,,,,,,,,,,,,,,,,,,,,,,,,,,,,,,,,,,,,,,,,,,,,,,,,,,,,,,,,,,,
"Let's boost your brand identity. Message NOW to get started. 🔥🚀,"","","","",89,68,0,$35",,,,,,,,,,,,,,,,,,,,,,,,,,,,,,,,,,,,,,,,,,,,,,,,,,,,,,,,,,,,,,
"Let's boost your brand identity. Message NOW to get started. 🔥🚀,89,68,0,$35",,,,,,,,,,,,,,,,,,,,,,,,,,,,,,,,,,,,,,,,,,,,,,,,,,,,,,,,,,,,,,
,,,,,,,,,,,,,,,,,,,,,,,,,,,,,,,,,,,,,,,,,,,,,,,,,,,,,,,,,,,,,,
iqrahussain0321,472278127,https://www.fiverr.com/iqrahussain0321/design-brand-style-guides-identity-and-logo-design-with-guidelines-branding-book,11/03/2026,3/24/2026 03:58:38,NEW_SELLER,PK,Hussain,No,Yes,09/02/2025,design brand style guides identity and logo design with guidelines branding book,$60,2d,5,5,6,3,Graphics & Design,Brand Style Guides,,branding kit | brand style guide | brand book,"Hi, I’m Hamza! A passionate Logo & Brand Designer focused on creating timeless, minimalist identities. I craft logos, branding kits, and brand guideline books with precision using grids, geometry, and the golden ratio. I also design websites, portfolios, flyers, labels, Broucher and everything your brand needs to stand out beautifully. Let’s build something unforgettable!

Let’s bring your vision to life and build a brand that truly stands out!",,,,,,,,,,,,,,,,,,,,,,,,,,,,,,,,,,,,,6,6,0,$60
"Let’s bring your vision to life and build a brand that truly stands out!,"","","","","","","","","","","","","","","","","","","","","","","","","","","","","","","","",6,6,0,$60",,,,,,,,,,,,,,,,,,,,,,,,,,,,,,,,,,,,,,,,,,,,,,,,,,,,,,,,,,,,,,
"Let’s bring your vision to life and build a brand that truly stands out!,"","","","","","","","","","","","","","","","","","","","","","","","","","","","",6,6,0,$60",,,,,,,,,,,,,,,,,,,,,,,,,,,,,,,,,,,,,,,,,,,,,,,,,,,,,,,,,,,,,,
"Let’s bring your vision to life and build a brand that truly stands out!,"","","","","","","","","","","","","","","","","","","","","","","","",6,6,0,$60",,,,,,,,,,,,,,,,,,,,,,,,,,,,,,,,,,,,,,,,,,,,,,,,,,,,,,,,,,,,,,
"Let’s bring your vision to life and build a brand that truly stands out!,"","","","","","","","","","","","","","","","","","","","",6,6,0,$60",,,,,,,,,,,,,,,,,,,,,,,,,,,,,,,,,,,,,,,,,,,,,,,,,,,,,,,,,,,,,,
"Let’s bring your vision to life and build a brand that truly stands out!,"","","","","","","","","","","","","","","","",6,6,0,$60",,,,,,,,,,,,,,,,,,,,,,,,,,,,,,,,,,,,,,,,,,,,,,,,,,,,,,,,,,,,,,
"Let’s bring your vision to life and build a brand that truly stands out!,"","","","","","","","","","","","","",5,"",$60,6,6,0,$60",,,,,,,,,,,,,,,,,,,,,,,,,,,,,,,,,,,,,,,,,,,,,,,,,,,,,,,,,,,,,,
"Let’s bring your vision to life and build a brand that truly stands out!,"","","","","","","","",6,5,0,$60",,,,,,,,,,,,,,,,,,,,,,,,,,,,,,,,,,,,,,,,,,,,,,,,,,,,,,,,,,,,,,
"Let’s bring your vision to life and build a brand that truly stands out!,"","","","",6,5,0,$60",,,,,,,,,,,,,,,,,,,,,,,,,,,,,,,,,,,,,,,,,,,,,,,,,,,,,,,,,,,,,,
"Let’s bring your vision to life and build a brand that truly stands out!,6,5,0,$60",,,,,,,,,,,,,,,,,,,,,,,,,,,,,,,,,,,,,,,,,,,,,,,,,,,,,,,,,,,,,,
"Let’s bring your vision to life and build a brand that truly stands out!,5,4,1,$60",,,,,,,,,,,,,,,,,,,,,,,,,,,,,,,,,,,,,,,,,,,,,,,,,,,,,,,,,,,,,,
,,,,,,,,,,,,,,,,,,,,,,,,,,,,,,,,,,,,,,,,,,,,,,,,,,,,,,,,,,,,,,
muatter,104046789,https://www.fiverr.com/muatter/create-a-brand-manual-guideline,11/03/2026,3/24/2026 03:58:38,Level 2 Seller,PK,Muatter,No,Yes,04/07/2016,design brand style guide brand guidelines brand book branding identity kit,$40,2d,4.8,4.92,1407,3,Graphics & Design,Brand Style Guides,,brand guideline | branding kit | brand style guide | brand book,"Experienced Brand Manager with 10+ years in design and 2000+ orders delivered worldwide. I specialize in creating strategic, high-impact branding, from logos to complete visual identities. 

My focus is delivering designs that connect, convert, and leave a lasting impression. Whether you're a startup or growing business, I’m here to help you stand out with premium, professional visuals. 

Let’s build something great together!

",,,,,,,,,,,,,,,,,,,,,,,,,,,,,,,,,,,,,2115,782,1,$40
My focus is delivering designs that connect, convert, and leave a lasting impression. Whether you're a startup or growing business, I’m here to help you stand out with premium, professional visuals. ,,,,,,,,,,,,,,,,,,,,,,,,,,,,,,,,,,,,,,,,,,,,,,,,,,,,,,,,,,
Let’s build something great together!,,,,,,,,,,,,,,,,,,,,,,,,,,,,,,,,,,,,,,,,,,,,,,,,,,,,,,,,,,,,,,
","","","","","","","","","","","","","","","","","","","","","","","","","","","","","","","","",2112,782,1,$40",,,,,,,,,,,,,,,,,,,,,,,,,,,,,,,,,,,,,,,,,,,,,,,,,,,,,,,,,,,,,,
","","","","","","","","","","","","","","","","","","","","","","","","","","","","",2110,782,1,$40",,,,,,,,,,,,,,,,,,,,,,,,,,,,,,,,,,,,,,,,,,,,,,,,,,,,,,,,,,,,,,
","","","","","","","","","","","","","","","","","","","","","","","","",2110,782,1,$40",,,,,,,,,,,,,,,,,,,,,,,,,,,,,,,,,,,,,,,,,,,,,,,,,,,,,,,,,,,,,,
","","","","","","","","","","","","","","","","","","","","",2109,782,0,$40",,,,,,,,,,,,,,,,,,,,,,,,,,,,,,,,,,,,,,,,,,,,,,,,,,,,,,,,,,,,,,
","","","","","","","","","","","","","","","","",2109,782,0,$40",,,,,,,,,,,,,,,,,,,,,,,,,,,,,,,,,,,,,,,,,,,,,,,,,,,,,,,,,,,,,,
","","","","","","","","","","","","","","","","",2108,782,0,$40",,,,,,,,,,,,,,,,,,,,,,,,,,,,,,,,,,,,,,,,,,,,,,,,,,,,,,,,,,,,,,
","","","","","","","","","","","","",2106,782,0,$40",,,,,,,,,,,,,,,,,,,,,,,,,,,,,,,,,,,,,,,,,,,,,,,,,,,,,,,,,,,,,,
","","","","","","","","",2105,782,0,$40",,,,,,,,,,,,,,,,,,,,,,,,,,,,,,,,,,,,,,,,,,,,,,,,,,,,,,,,,,,,,,
","","","","",2105,782,0,$40",,,,,,,,,,,,,,,,,,,,,,,,,,,,,,,,,,,,,,,,,,,,,,,,,,,,,,,,,,,,,,
",2105,782,0,$40",,,,,,,,,,,,,,,,,,,,,,,,,,,,,,,,,,,,,,,,,,,,,,,,,,,,,,,,,,,,,,
",2104,782,0,$40",,,,,,,,,,,,,,,,,,,,,,,,,,,,,,,,,,,,,,,,,,,,,,,,,,,,,,,,,,,,,,
mwaqash,392719330,https://www.fiverr.com/mwaqash/design-logo-brand-book-brand-identity-and-style-guide,11/03/2026,3/24/2026 03:58:38,Top Rated Seller,PK,Muhammad Waqas,No,Yes,27/01/2018,"design logo, brand book, brand identity and style guide",$600,7d,4.9,4.91,2205,3,Graphics & Design,Brand Style Guides,,brand kit | style guide | brand book,"Hi! I'm Waqas and I have my expertise in eBook and Paperback formatting with 8 years of experience. If you're looking for a professional, you've come to the right place as I'm able to carry the job from beginning to end with a feeling of complete security that all aspects of the job are in reliable hands.",3077,9,0,$600,3077,9,0,$600,3078,9,0,$600,3079,9,0,$600,3079,9,0,$600,3079,9,0,$600,3081,9,0,$600,3081,9,0,$600,3082,9,0,$600,3083,9,0,$600
,,,,,,,,,,,,,,,,,,,,,,,,,,,,,,,,,,,,,,,,,,,,,,,,,,,,,,,,,,,,,,
huxleyanne,474550442,https://www.fiverr.com/huxleyanne/design-brand-kit-brand-visual-identity-guidelines-brand-book-with-branding-kit,11/03/2026,3/14/2026 23:13:45,NEW_SELLER,US,Huxley A,No,No,02/12/2025,"design brand kit, brand visual identity guidelines, brand book with branding kit",$25,2d,5,5,3,3,Graphics & Design,Brand Style Guides,,brand kit | branding kit | visual identity,"Hi, I’m Huxley, a branding and marketing creative who believes every business has a story worth telling.",,,,,,,,,,,,,,,,,,,,,,,,,,,,,,,,,,,,,,,,
My journey into branding began with a curiosity about why some brands instantly connect while others fade into the background. I learned that strong brands are built through clear messaging, thoughtful visuals, and smart marketing strategies.,,,,,,,,,,,,,,,,,,,,,,,,,,,,,,,,,,,,,,,,,,,,,,,,,,,,,,,,,,,,
Today, I help entrepreneurs and growing businesses turn ideas into modern, memorable brands. From brand identity to marketing assets and campaigns, I create work that looks great, feels authentic, and gets results.,,,,,,,,,,,,,,,,,,,,,,,,,,,,,,,,,,,,,,,,,,,,,,,,,,,,,,,,,
"Let’s build something remarkable,"","","","","","","","","","","","",3,3,0,$25",,,,,,,,,,,,,,,,,,,,,,,,,,,,,,,,,,,,,,,,,,,,,,,,,,,,,,,,,,,,,,
"Let’s build something remarkable,"","","","","","","","",3,3,0,$25",,,,,,,,,,,,,,,,,,,,,,,,,,,,,,,,,,,,,,,,,,,,,,,,,,,,,,,,,,,,,,
"Let’s build something remarkable,"","","","",3,3,0,$25",,,,,,,,,,,,,,,,,,,,,,,,,,,,,,,,,,,,,,,,,,,,,,,,,,,,,,,,,,,,,,
"Let’s build something remarkable,3,3,0,$25",,,,,,,,,,,,,,,,,,,,,,,,,,,,,,,,,,,,,,,,,,,,,,,,,,,,,,,,,,,,,,
,,,,,,,,,,,,,,,,,,,,,,,,,,,,,,,,,,,,,,,,,,,,,,,,,,,,,,,,,,,,,,
akgraphics580,237902013,https://www.fiverr.com/akgraphics580/do-modern-brand-identity-brand-guidelines-and-brandbook,11/03/2026,3/24/2026 03:58:38,Level 2 Seller,LK,Kasun A,No,No,04/06/2019,"do modern brand identity, brand guidelines and brandbook",$100,3d,4.8,4.79,162,3,Graphics & Design,Brand Style Guides,,brand guide | style guide | brand book,"I’m a passionate brand identity designer and UI/UX expert, dedicated to creating compelling and cohesive brand identities that resonate with audiences. My work blends striking visual design with intuitive user experiences, ensuring every brand I touch not only stands out but also builds meaningful connections with its users. Driven by a commitment to inspire and transform, I create solutions that leave a lasting impression in the digital and physical world",,,,,,,,,,,,,,,,,,,,,262,138,1,$100,262,138,1,$100,264,138,1,$100,264,138,1,$100,264,138,1,$100
,,,,,,,,,,,,,,,,,,,,,,,,,,,,,,,,,,,,,,,,,,,,,,,,,,,,,,,,,,,,,,
,,,,,,,,,,,,,,,,,,,,,,,,,,,,,,,,,,,,,,,,,,,,,,,,,,,,,,,,,,,,,,
lucia_valley,430132303,https://www.fiverr.com/lucia_valley/design-corporate-brand-guidelines-identity-brand-book-logo-design-style-guide,11/03/2026,3/20/2026 00:56:37,Level 2 Seller,IT,Lucia Valley,No,No,13/05/2025,design corporate brand guidelines rebrand identity brand book style guide manual,$20,1d,4.6,4.58,78,3,Graphics & Design,Brand Style Guides,,brand guide | rebranding | package design | logo design | branding kit | minimalist logo | style guide | brand logo | corporate identity | brand manual | brand book | business logo,"Ciao, Sono Lucia di Napoli, Italia. ",,,,,,,,,,,,,,,,,,,,,,,,,,,,,,,,,,,,,,,,
,,,,,,,,,,,,,,,,,,,,,,,,,,,,,,,,,,,,,,,,,,,,,,,,,,,,,,,,,,,,,,
I build brands and digital systems that convert. From corporate brand guidelines and editorial catalogs to Wix/Shopify websites, hotel booking platforms, Etsy SEO setups, Brevo automations, and eCommerce growth strategy.,,,,,,,,,,,,,,,,,,,,,,,,,,,,,,,,,,,,,,,,,,,,,,,,,,,,,,,,,,
I don’t just design, I build structured systems that elevate positioning, improve clarity, and drive measurable business growth. ,,,,,,,,,,,,,,,,,,,,,,,,,,,,,,,,,,,,,,,,,,,,,,,,,,,,,,,,,,,
Professional systems, not templates. Precision, scalability," and performance-driven execution.,108,14,0,$20",,,,,,,,,,,,,,,,,,,,,,,,,,,,,,,,,,,,,,,,,,,,,,,,,,,,,,,,,,,
,,,,,,,,,,,,,,,,,,,,,,,,,,,,,,,,,,,,,,,,,,,,,,,,,,,,,,,,,,,,,,
imranpiash,100380373,https://www.fiverr.com/imranpiash/design-2-sided-business-card-with-2-concepts-within-24-h,11/03/2026,3/19/2026 03:43:01,Level 2 Seller,BD,Imran,No,Yes,12/06/2017,"design a business logo, branding kit, brand identity and style guide book",$40,2d,5,4.89,1707,3,Graphics & Design,Brand Style Guides,,graphic design logos | logo design | brand style guide | corporate identity,"Hi, I’m Imran, a professional logo and brand identity designer. I’ve been designing logos since 2018 and have worked with over 1,000 happy clients worldwide.",,,,,,,,,,,,,,,,,,,,,,,,,,,,,,,,,,,,,,,,
Your logo is the first impression of your business. It connects with your audience and communicates your brand’s true value. I design logos that make your brand bold, trusted," and memorable—helping it stand out from the competition.,3027,282,0,$40",,,,,,,,,,,,,,,,,,,,,,,,,,,,,,,,,,,,,,,,,,,,,,,,,,,,,,,,,,,,
,,,,,,,,,,,,,,,,,,,,,,,,,,,,,,,,,,,,,,,,,,,,,,,,,,,,,,,,,,,,,,
design_zeros,292749374,https://www.fiverr.com/design_zeros/create-trendy-minimalist-logo-design,11/03/2026,3/16/2026 05:30:42,Level 1 Seller,PK,Design Zeros,No,No,31/12/2022,design corporate trendy brand logo and full brand identity or brand guides book,$10,1d,4.8,4.47,18,3,Graphics & Design,Logo Design,,full branding | stationery | corporate identity | trendy logo,Hello,,,,,,,,,,,,,,,,,,,,,,,,,,,,,,,,,,,,,,,,
 we are a team of experienced designers and expert video editors,,,,,,,,,,,,,,,,,,,,,,,,,,,,,,,,,,,,,,,,,,,,,,,,,,,,,,,,,,,,,,
we have professional artist and graphics designer with over 5 years experience.,,,,,,,,,,,,,,,,,,,,,,,,,,,,,,,,,,,,,,,,,,,,,,,,,,,,,,,,,,,,,,
we love to create new things.,,,,,,,,,,,,,,,,,,,,,,,,,,,,,,,,,,,,,,,,,,,,,,,,,,,,,,,,,,,,,,
we are expert in Adobe Photoshop, Illustrator, Premier pro, After affect, and Filmora.,,,,,,,,,,,,,,,,,,,,,,,,,,,,,,,,,,,,,,,,,,,,,,,,,,,,,,,,,,
we provide unique,,,,,,,,,,,,,,,,,,,,,,,,,,,,,,,,,,,,,,,,,,,,,,,,,,,,,,,,,,,,,,
professional designs with fast delivery at affordable price.,,,,,,,,,,,,,,,,,,,,,,,,,,,,,,,,,,,,,,,,,,,,,,,,,,,,,,,,,,,,,,
If you need our service to your project ," feel free to contact us,30,16,0,$10",,,,,,,,,,,,,,,,,,,,,,,,,,,,,,,,,,,,,,,,,,,,,,,,,,,,,,,,,,,,,
,,,,,,,,,,,,,,,,,,,,,,,,,,,,,,,,,,,,,,,,,,,,,,,,,,,,,,,,,,,,,,
ranatabish991,161496579,https://www.fiverr.com/ranatabish991/design-profesional-business-cards-and-invitations,12/03/2026,03/12/2026 15:21,Top Rated Seller,PK,Rana Tabish,Yes,Yes,15/11/2019,design your logo and complete brand identity kit,$145,3d,5,4.98,459,3,Graphics & Design,Brand Style Guides,,brand kit | logo design | brand style guide | visual identity | brand book,"Hi, Welcome to my profile ",,,,,,,,,,,,,,,,,,,,,,,,,,,,,,,,,,,,,,,,
I am tabish here, As a graphics designer specialised in crafting brand identity kits, i have the power to transform your company to stand among your competitors. I have keen eye for design and by the skillful use of color, typography, and brand guideliness, i can create strong visual representations of your business, creating a powerful narrative that communicates who a brand is the real purpose of mine,,,,,,,,,,,,,,,,,,,,,,,,,,,,,,,,,,,,,,,,,,,,,,,,,,,,,,,,
I assure you the quality of work will be awesome so don't wait to contact me,,,,,,,,,,,,,,,,,,,,,,,,,,,,,,,,,,,,,,,,,,,,,,,,,,,,,,,,,,,,,,
"Thanks,"","","","",553,322,0,$145",,,,,,,,,,,,,,,,,,,,,,,,,,,,,,,,,,,,,,,,,,,,,,,,,,,,,,,,,,,,,,
,,,,,,,,,,,,,,,,,,,,,,,,,,,,,,,,,,,,,,,,,,,,,,,,,,,,,,,,,,,,,,
thekreativa,274260877,https://www.fiverr.com/thekreativa/do-minimalist-and-modern-logo-design,13/03/2026,3/24/2026 03:58:38,NEW_SELLER,RS,Thekreativa,Yes,No,20/05/2020,"develop a comprehensive brand style guide, including logo",$190,5d,0,4.89,3,3,Graphics & Design,Brand Style Guides,,custom logo | logo design | brand style guides | brand book,"Hey, I'm Vladimir, graphic designer based in Serbia. I collaborate
with inspiring start-ups, businesses,
and brands to help shape their digital projects. I never limit myself to just one creative field, so you will find me in a Graphic Design, Logo Design, Branding, Corporate Identities, Printing, Web design, UX/UI, Photography, Videography..
Let's get work together!",,,,,,,,,,,,,,,,,,,,,,,,,,,,,,,,,,,,,39,0,0,$190
with inspiring start-ups, businesses,,,,,,,,,,,,,,,,,,,,,,,,,,,,,,,,,,,,,,,,,,,,,,,,,,,,,,,,,,,,,
and brands to help shape their digital projects. I never limit myself to just one creative field, so you will find me in a Graphic Design, Logo Design, Branding, Corporate Identities, Printing, Web design, UX/UI, Photography, Videography..,,,,,,,,,,,,,,,,,,,,,,,,,,,,,,,,,,,,,,,,,,,,,,,,,,,,,
"Let's get work together!,"","","","","","","","","","","","","","","","","","","","","","","","","","","","",39,0,0,$190",,,,,,,,,,,,,,,,,,,,,,,,,,,,,,,,,,,,,,,,,,,,,,,,,,,,,,,,,,,,,,
"Let's get work together!,"","","","","","","","","","","","","","","","","","","","",39,0,0,$190",,,,,,,,,,,,,,,,,,,,,,,,,,,,,,,,,,,,,,,,,,,,,,,,,,,,,,,,,,,,,,
"Let's get work together!,"","","","","","","","","","","","","","","","",39,0,0,$190",,,,,,,,,,,,,,,,,,,,,,,,,,,,,,,,,,,,,,,,,,,,,,,,,,,,,,,,,,,,,,
"Let's get work together!,"","","","","","","","",38,0,0,$190",,,,,,,,,,,,,,,,,,,,,,,,,,,,,,,,,,,,,,,,,,,,,,,,,,,,,,,,,,,,,,
,,,,,,,,,,,,,,,,,,,,,,,,,,,,,,,,,,,,,,,,,,,,,,,,,,,,,,,,,,,,,,
ayesham270,387499626,https://www.fiverr.com/ayesham270/design-an-exceptional-and-excellent-logo,13/03/2026,3/16/2026 05:30:42,Level 1 Seller,PK,Abida,No,No,28/07/2022,"create luxury minimal brand identity guidelines, brand book, and branding",$150,5d,4.9,5,141,3,Graphics & Design,Brand Style Guides,,branding guidelines | branding kit | style guide | minimal | brand book,"Hey there! 👋 I’m Abida, a professional logo designer & brand identity expert with 2+ years of experience. I specialize in creating modern, corporate, and minimalist logos, brand identity kits, and style guides that help businesses stand out.",,,,,,,,,,,,,,,,,,,,,,,,,,,,,,,,,,,,,,,,
🎨 My expertise includes:,,,,,,,,,,,,,,,,,,,,,,,,,,,,,,,,,,,,,,,,,,,,,,,,,,,,,,,,,,,,,,
✅ Custom logo design (3D, minimalist, modern),,,,,,,,,,,,,,,,,,,,,,,,,,,,,,,,,,,,,,,,,,,,,,,,,,,,,,,,,,,,
✅ Brand identity & corporate branding kits,,,,,,,,,,,,,,,,,,,,,,,,,,,,,,,,,,,,,,,,,,,,,,,,,,,,,,,,,,,,,,
✅ Style guides & professional branding guideline,,,,,,,,,,,,,,,,,,,,,,,,,,,,,,,,,,,,,,,,,,,,,,,,,,,,,,,,,,,,,,
I believe in simplicity, creativity, and timeless design because your brand deserves a visual identity that speaks louder than words!,,,,,,,,,,,,,,,,,,,,,,,,,,,,,,,,,,,,,,,,,,,,,,,,,,,,,,,,,,,,
"🚀 Let’s build a brand that leaves a lasting impression!,"","","","","","","","","","","","","","","","",259,48,1,$150",,,,,,,,,,,,,,,,,,,,,,,,,,,,,,,,,,,,,,,,,,,,,,,,,,,,,,,,,,,,,,
"🚀 Let’s build a brand that leaves a lasting impression!,"","","","","","","","",259,48,0,$150",,,,,,,,,,,,,,,,,,,,,,,,,,,,,,,,,,,,,,,,,,,,,,,,,,,,,,,,,,,,,,
,,,,,,,,,,,,,,,,,,,,,,,,,,,,,,,,,,,,,,,,,,,,,,,,,,,,,,,,,,,,,,
artchamp,464414064,https://www.fiverr.com/artchamp/create-a-premium-brand-style-guide-and-complete-visual-identity-system,16/03/2026,3/16/2026 05:30:42,Level 2 Seller,IN,Prince,Yes,No,17/08/2018,create a premium brand style guide and complete visual identity system,$200,3d,5,4.89,520,3,Graphics & Design,Brand Style Guides,,brand identity kit | brand style guide | visual identity | brand book,"Welcome, I’m Jignesh Pandya, a logo design and brand style guide specialist with over 10 years of experience. I’m passionate about creating clean, timeless designs that help brands stand out. My approach is rooted in simplicity and creativity, ensuring your corporate identity is both professional and memorable.",,,,,,,,,,,,,,,,,,,,,,,,,,,,,,,,,,,,,,,,
When I’m not designing, you’ll find me exploring creative hobbies and playing video games, both of which fuel my imagination.,,,,,,,,,,,,,,,,,,,,,,,,,,,,,,,,,,,,,,,,,,,,,,,,,,,,,,,,,,,,
"Check out my portfolio to see how I’ve helped brands like yours. Ready to bring your vision to life? Let’s start today!,"","","","","","","","","","","","","","","","",845,2,0,$200",,,,,,,,,,,,,,,,,,,,,,,,,,,,,,,,,,,,,,,,,,,,,,,,,,,,,,,,,,,,,,
,,,,,,,,,,,,,,,,,,,,,,,,,,,,,,,,,,,,,,,,,,,,,,,,,,,,,,,,,,,,,,
mithila_akter5,421252859,https://www.fiverr.com/mithila_akter5/do-logo-design-brand-ide,16/03/2026,3/24/2026 03:58:38,Level 1 Seller,BD,Mithila,No,Yes,16/03/2025,"do minimalist logo brand identity guidelines, branding kit, and brand book",$25,2d,5,4.98,88,3,Graphics & Design,Brand Style Guides,,brand kit | logo design | minimalist logo | brand style guide,"As a professional graphic designer, I specialize in creating eye-catching logos, unique branding solutions, and custom thumbnails and social media ads design that elevate your brand’s presence. With a keen eye for detail and a passion for creativity, I deliver high-quality designs tailored to meet your needs. Let's work together to bring your vision to life and make your business stand out!",,,,,,,,,,,,,,,,,91,22,0,$25,91,22,1,$25,92,22,1,$25,93,22,1,$25,95,22,0,$25,97,23,0,$25
,,,,,,,,,,,,,,,,,,,,,,,,,,,,,,,,,,,,,,,,,,,,,,,,,,,,,,,,,,,,,,
apondesign,475145083,https://www.fiverr.com/apondesign/do-minimalist-business-logo-brand-book-and-corporate-brand-identity,16/03/2026,3/22/2026 17:40:32,Top Rated Seller,BD,Khairul Islam,No,Yes,29/07/2018,"do minimalist business logo, brand book and corporate brand identity",$85,2d,4.7,4.86,1628,3,Graphics & Design,Logo Design,,logo creation | logo | logo design | business logo design | branding design,"I’m Khairul Islam, an award-winning designer with 9 years of experience specializing in logo design and brand identity. I’ve successfully completed 3,200+ projects, helping businesses transform their ideas into powerful brands.",,,,,,,,,,,,,,,,,,,,,,,,,,,,,,,,,,,,,,,,
My approach combines creativity, strategy, and precision to craft modern, and timeless designs that stand out in competitive markets. Every project built with purpose, ensuring clarity, consistency, and strong visual impact.,,,,,,,,,,,,,,,,,,,,,,,,,,,,,,,,,,,,,,,,,,,,,,,,,,,,,,,,
Whether you’re launching a new brand or refreshing an existing one, I’m here to bring your vision to life with professionalism and dedication.,,,,,,,,,,,,,,,,,,,,,,,,,,,,,,,,,,,,,,,,,,,,,,,,,,,,,,,,,,,,,
","","","","","","","","","","","","","","","","","","","","","","","","","","","","","","","","",3329,2,1,$85",,,,,,,,,,,,,,,,,,,,,,,,,,,,,,,,,,,,,,,,,,,,,,,,,,,,,,,,,,,,,,
","","","","","","","","","","","","","","","","",3324,2,1,$85",,,,,,,,,,,,,,,,,,,,,,,,,,,,,,,,,,,,,,,,,,,,,,,,,,,,,,,,,,,,,,
design_desk,355195292,https://www.fiverr.com/design_desk/design-3-professional-3d-logo-in-24-hrs,18/03/2026,3/24/2026 03:58:38,Level 2 Seller,IN,Varun D,No,Yes,01/06/2014,"design a modern logo and brand identity, brand style guide, brand book",$60,2d,4.9,4.92,41758,3,Graphics & Design,Brand Style Guides,,brand identity kit | brand guideline | brand style guide | brand book,"Hello!
I’m Varun, an experienced brand designer serving on Fiverr since 2014.
I lead a team of professional designers focused on delivering original, custom-made designs with clean, modern, and brand-focused visuals.
With 12+ years of experience and over 40K+ successful projects on Fiverr, I specialize in creating logos and brand identities that are not just visually appealing, but strategically designed to represent your business.
Launching a new business or upgrading your current identity? I’ll work closely with you to turn your vision into a strong, professional brand.
Let's connect.",,,,,,,,,,,,,,,,,,,,,,,,,,,,,,,,,,,,,96661,27,1,$60
I’m Varun, an experienced brand designer serving on Fiverr since 2014.,,,,,,,,,,,,,,,,,,,,,,,,,,,,,,,,,,,,,,,,,,,,,,,,,,,,,,,,,,,,,
I lead a team of professional designers focused on delivering original, custom-made designs with clean, modern, and brand-focused visuals.,,,,,,,,,,,,,,,,,,,,,,,,,,,,,,,,,,,,,,,,,,,,,,,,,,,,,,,,,,,
With 12+ years of experience and over 40K+ successful projects on Fiverr, I specialize in creating logos and brand identities that are not just visually appealing, but strategically designed to represent your business.,,,,,,,,,,,,,,,,,,,,,,,,,,,,,,,,,,,,,,,,,,,,,,,,,,,,,,,,,,,,
Launching a new business or upgrading your current identity? I’ll work closely with you to turn your vision into a strong, professional brand.,,,,,,,,,,,,,,,,,,,,,,,,,,,,,,,,,,,,,,,,,,,,,,,,,,,,,,,,,,,,,
"Let's connect.,"","","","","","","","","","","","","","","","","","","","","","","","","","","","","","","","",96654,27,2,$60",,,,,,,,,,,,,,,,,,,,,,,,,,,,,,,,,,,,,,,,,,,,,,,,,,,,,,,,,,,,,,
"Let's connect.,"","","","","","","","","","","","","","","","","","","","","","","","","","","","","","","","",96653,27,2,$60",,,,,,,,,,,,,,,,,,,,,,,,,,,,,,,,,,,,,,,,,,,,,,,,,,,,,,,,,,,,,,
I’m an art and music enthusiast with a deep appreciation for creativity and design. I lead a team of skilled, professional graphic designers with over 11 years of experience specialising in logo design and branding.,,,,,,,,,,,,,,,,,,,,,,,,,,,,,,,,,,,,,,,,,,,,,,,,,,,,,,,,,,,,,
My goal is to bring brands to life with unique, memorable and impactful designs that resonate with target audience. I am proud to offer my expertise  on Fiverr, where creativity meets professionalism.,,,,,,,,,,,,,,,,,,,,,,,,,,,,,,,,,,,,,,,,,,,,,,,,,,,,,,,,,,,,
Let’s collaborate to transform your vision into reality. ,,,,,,,,,,,,,,,,,,,,,,,,,,,,,,,,,,,,,,,,,,,,,,,,,,,,,,,,,,,,,,
Experience the difference with our design services today!,,,,,,,,,,,,,,,,,,,,,,,,,,,,,,,,,,,,,,,,,,,,,,,,,,,,,,,,,,,,,,
","","","","","","","","","","","","","","","","","","","","","","","","","","","","",96630,25,3,$40",,,,,,,,,,,,,,,,,,,,,,,,,,,,,,,,,,,,,,,,,,,,,,,,,,,,,,,,,,,,,,
","","","","","","","","","","","","","","","","","","","","","","","","",96626,25,5,$40",,,,,,,,,,,,,,,,,,,,,,,,,,,,,,,,,,,,,,,,,,,,,,,,,,,,,,,,,,,,,,
,,,,,,,,,,,,,,,,,,,,,,,,,,,,,,,,,,,,,,,,,,,,,,,,,,,,,,,,,,,,,,
bilaldesigner,25285167,https://www.fiverr.com/bilaldesigner/do-morder-vintage-and-badges,22/03/2026,3/22/2026 17:19:11,Top Rated Seller,PK,Chairman Bilal,No,Yes,18/11/2014,"design a professional logo, brand book, and corporate brand identity guidelines",$95,3d,4.6,4.86,19668,3,Graphics & Design,Brand Style Guides,,brand kit | brand style guide | visual identity | business logo design | branding design,Welcome to ClicksTek!  ,,,,,,,,,,,,,,,,,,,,,,,,,,,,,,,,,,,,,,,,
My name is Bilal Latif, and I’m the Chairman of ClicksTek — a leading design & development studio on Fiverr for over 11 years. I’ve proudly worked with ⭐33,000+⭐ companies worldwide — who have trusted me to build brand identity of their business.  ,,,,,,,,,,,,,,,,,,,,,,,,,,,,,,,,,,,,,,,,,,,,,,,,,,,,,,,,,,,,
I’m a Verified Top-Seller on Fiverr and proud recipient of Fiverr’s Golden Award.   ,,,,,,,,,,,,,,,,,,,,,,,,,,,,,,,,,,,,,,,,,,,,,,,,,,,,,,,,,,,,,,
I can be your best choice and one-stop shop for:   ,,,,,,,,,,,,,,,,,,,,,,,,,,,,,,,,,,,,,,,,,,,,,,,,,,,,,,,,,,,,,,
 ✅ All kinds of Graphic Design,,,,,,,,,,,,,,,,,,,,,,,,,,,,,,,,,,,,,,,,,,,,,,,,,,,,,,,,,,,,,,
 ✅ Website Development   ,,,,,,,,,,,,,,,,,,,,,,,,,,,,,,,,,,,,,,,,,,,,,,,,,,,,,,,,,,,,,,
 ✅ Video Editing & Animation   ,,,,,,,,,,,,,,,,,,,,,,,,,,,,,,,,,,,,,,,,,,,,,,,,,,,,,,,,,,,,,,
 ✅ Digital Marketing   ,,,,,,,,,,,,,,,,,,,,,,,,,,,,,,,,,,,,,,,,,,,,,,,,,,,,,,,,,,,,,,
 ✚ More   ,,,,,,,,,,,,,,,,,,,,,,,,,,,,,,,,,,,,,,,,,,,,,,,,,,,,,,,,,,,,,,
Thank you!,,,,,,,,,,,,,,,,,,,,,,,,,,,,,,,,,,,,,,,,,,,,,,,,,,,,,,,,,,,,,,
","","","","","","","","","","","","","","","","","","","","","","","","","","","","","","","","",32280,304,0,$95",,,,,,,,,,,,,,,,,,,,,,,,,,,,,,,,,,,,,,,,,,,,,,,,,,,,,,,,,,,,,,
,,,,,,,,,,,,,,,,,,,,,,,,,,,,,,,,,,,,,,,,,,,,,,,,,,,,,,,,,,,,,,
akankshatanw261,378717618,https://www.fiverr.com/akankshatanw261/create-a-brand-identity-book-for-your-brand,22/03/2026,3/22/2026 17:40:32,Level 2 Seller,IN,Akanksha,Yes,No,01/06/2022,create a brand identity for your brand,$320,7d,4.9,4.94,45,3,Graphics & Design,Brand Style Guides,,brand style guide | brand logo,"Hello, Myself Akanksha. I assist businesses in developing an effective brand strategy and copywriting to increase sales. I create copywriting content after conducting extensive research and analysis. I have a master's degree in creative writing, which allows me to transform drab words into something meaningful and appealing.",,,,,,,,,,,,,,,,,,,,,,,,,,,,,,,,,67,7,1,$320,67,7,1,$320
,,,,,,,,,,,,,,,,,,,,,,,,,,,,,,,,,,,,,,,,,,,,,,,,,,,,,,,,,,,,,,
jannatulasha,234404777,https://www.fiverr.com/jannatulasha/design-corporate-trendy-brand-logo-and-full-brand-identity-or-brand-guides-book,22/03/2026,3/24/2026 03:58:38,Level 2 Seller,BD,Jannatul A,No,No,27/10/2019,design corporate trendy brand logo and full brand identity or brand guides book,$20,2d,4.9,4.92,906,3,Graphics & Design,Brand Style Guides,,full branding | brand style guide | stationery | corporate identity | trendy logo,"Hi, I am Jannatul Ferdous Asha. I am working as a graphic designer and brand identity designer for 5+ years. Services I provide exclusively on Fiverr : ====================

► Logo design
► Business card 
► Flyer 
► Poster 
► Banner 
► Ads design
► Brochure 
► T-shirt design 
► Social media design 
► Vector design 
► image editing 
► Raster to vector 
► Image background removal 
► Book cover design 
► Postcard design 
► Podcast cover design 
► Youtube thumbnail 
► Youtube channel art 
► Jpg/png to layered PSD 
► Google ads design",,,,,,,,,,,,,,,,,,,,,,,,,,,,,,,,,,,,,1309,592,2,$20
► Logo design,,,,,,,,,,,,,,,,,,,,,,,,,,,,,,,,,,,,,,,,,,,,,,,,,,,,,,,,,,,,,,
► Business card ,,,,,,,,,,,,,,,,,,,,,,,,,,,,,,,,,,,,,,,,,,,,,,,,,,,,,,,,,,,,,,
► Flyer ,,,,,,,,,,,,,,,,,,,,,,,,,,,,,,,,,,,,,,,,,,,,,,,,,,,,,,,,,,,,,,
► Poster ,,,,,,,,,,,,,,,,,,,,,,,,,,,,,,,,,,,,,,,,,,,,,,,,,,,,,,,,,,,,,,
► Banner ,,,,,,,,,,,,,,,,,,,,,,,,,,,,,,,,,,,,,,,,,,,,,,,,,,,,,,,,,,,,,,
► Ads design,,,,,,,,,,,,,,,,,,,,,,,,,,,,,,,,,,,,,,,,,,,,,,,,,,,,,,,,,,,,,,
► Brochure ,,,,,,,,,,,,,,,,,,,,,,,,,,,,,,,,,,,,,,,,,,,,,,,,,,,,,,,,,,,,,,
► T-shirt design ,,,,,,,,,,,,,,,,,,,,,,,,,,,,,,,,,,,,,,,,,,,,,,,,,,,,,,,,,,,,,,
► Social media design ,,,,,,,,,,,,,,,,,,,,,,,,,,,,,,,,,,,,,,,,,,,,,,,,,,,,,,,,,,,,,,
► Vector design ,,,,,,,,,,,,,,,,,,,,,,,,,,,,,,,,,,,,,,,,,,,,,,,,,,,,,,,,,,,,,,
► image editing ,,,,,,,,,,,,,,,,,,,,,,,,,,,,,,,,,,,,,,,,,,,,,,,,,,,,,,,,,,,,,,
► Raster to vector ,,,,,,,,,,,,,,,,,,,,,,,,,,,,,,,,,,,,,,,,,,,,,,,,,,,,,,,,,,,,,,
► Image background removal ,,,,,,,,,,,,,,,,,,,,,,,,,,,,,,,,,,,,,,,,,,,,,,,,,,,,,,,,,,,,,,
► Book cover design ,,,,,,,,,,,,,,,,,,,,,,,,,,,,,,,,,,,,,,,,,,,,,,,,,,,,,,,,,,,,,,
► Postcard design ,,,,,,,,,,,,,,,,,,,,,,,,,,,,,,,,,,,,,,,,,,,,,,,,,,,,,,,,,,,,,,
► Podcast cover design ,,,,,,,,,,,,,,,,,,,,,,,,,,,,,,,,,,,,,,,,,,,,,,,,,,,,,,,,,,,,,,
► Youtube thumbnail ,,,,,,,,,,,,,,,,,,,,,,,,,,,,,,,,,,,,,,,,,,,,,,,,,,,,,,,,,,,,,,
► Youtube channel art ,,,,,,,,,,,,,,,,,,,,,,,,,,,,,,,,,,,,,,,,,,,,,,,,,,,,,,,,,,,,,,
► Jpg/png to layered PSD ,,,,,,,,,,,,,,,,,,,,,,,,,,,,,,,,,,,,,,,,,,,,,,,,,,,,,,,,,,,,,,
"► Google ads design,"","","","","","","","","","","","","","","","","","","","","","","","","","","","","","","","",1306,591,2,$20",,,,,,,,,,,,,,,,,,,,,,,,,,,,,,,,,,,,,,,,,,,,,,,,,,,,,,,,,,,,,,
